<?xml version="1.0" encoding="UTF-8" ?>
<!DOCTYPE configuration
  PUBLIC "-//mybatis.org//DTD Config 3.0//EN"
  "http://mybatis.org/dtd/mybatis-3-config.dtd">
<configuration>
	<environments default="development">
		<environment id="development">
			<transactionManager type="JDBC" />
			<dataSource type="POOLED">
				<property name="driver" value="com.mysql.cj.jdbc.Driver" />
				<property name="url" value="jdbc:mysql://localhost/slktraining" />
				<property name="username" value="root" />
				<property name="password" value="Welcome#123" />
			</dataSource>
		</environment>
	</environments>
	<mappers>
		<!-- An object of some class is manufactured on the fly dynamically
		by mybatis that implements these interfaces is created by SqlSession -->
		<mapper class="com.slksoft.dao.ProductsDao" />
	</mappers>
</configuration>